x,y,z,type
15,-44,25,minecraft:sculk_sensor
11,-45,27,minecraft:sculk_catalyst
-32,-47,-15,minecraft:sculk_sensor
-32,-32,9,minecraft:sculk_sensor
-26,-32,14,minecraft:sculk_shrieker
-28,-32,12,minecraft:sculk_sensor
-27,-32,16,minecraft:sculk_sensor
-32,-50,-21,minecraft:sculk_sensor
-30,-45,-17,minecraft:sculk_sensor
-32,-48,-17,minecraft:sculk_sensor
-21,-54,-23,minecraft:sculk_sensor
15,-54,-25,minecraft:sculk_sensor
27,-40,-32,minecraft:sculk_shrieker
18,-54,-28,minecraft:sculk_shrieker
-37,-47,-14,minecraft:sculk_sensor
-36,-43,-12,minecraft:sculk_sensor
-37,-42,-13,minecraft:sculk_sensor
-34,-49,-16,minecraft:sculk_sensor
-35,-50,-16,minecraft:sculk_catalyst
-40,-46,-15,minecraft:sculk_shrieker
-35,-45,-13,minecraft:sculk_sensor
-38,-44,-14,minecraft:sculk_sensor
-33,-43,-13,minecraft:sculk_sensor
-34,-47,-14,minecraft:sculk_sensor
-40,-49,-18,minecraft:sculk_shrieker
-40,-49,-17,minecraft:sculk_sensor
-39,-48,-17,minecraft:sculk_sensor
-39,-50,-39,minecraft:sculk_sensor
-35,-54,-38,minecraft:sculk_sensor
-38,-52,-41,minecraft:sculk_catalyst
-40,-49,-37,minecraft:sculk_sensor
-40,-48,-36,minecraft:sculk_sensor
29,-43,-34,minecraft:sculk_catalyst
28,-43,-34,minecraft:sculk_sensor
30,-42,-34,minecraft:sculk_sensor
31,-42,-36,minecraft:sculk_sensor
-28,-35,-45,minecraft:sculk_sensor
-29,-33,-40,minecraft:sculk_sensor
-28,-36,-46,minecraft:sculk_sensor
-29,-36,-45,minecraft:sculk_sensor
62,-47,-17,minecraft:sculk_catalyst
-1321,77,856,minecraft:beacon
-1320,76,851,minecraft:sign
-1332,78,840,minecraft:hopper
-1334,75,879,minecraft:brewing_stand
-1331,75,879,minecraft:blast_furnace
-1313,73,875,minecraft:campfire
-1317,73,875,minecraft:campfire
-1315,73,875,minecraft:campfire
-1312,75,853,minecraft:furnace
-1311,77,849,minecraft:furnace
-1311,78,849,minecraft:furnace
-1311,78,848,minecraft:furnace
-1311,77,850,minecraft:brewing_stand
-1311,79,848,minecraft:furnace
-1311,77,848,minecraft:furnace
-1311,79,849,minecraft:furnace
-1312,75,852,minecraft:furnace
-1311,76,849,minecraft:furnace
-1311,76,848,minecraft:furnace
-1311,76,847,minecraft:furnace
-1311,76,846,minecraft:furnace
-1338,-12,817,minecraft:mob_spawner
-1343,-42,880,minecraft:mob_spawner
-1333,-20,918,minecraft:mob_spawner
-1388,77,876,minecraft:bell
-1386,-21,910,minecraft:hopper
-1387,-2,823,minecraft:vault
-1390,30,805,minecraft:mob_spawner
-1386,-7,810,minecraft:hopper
-1389,-21,918,minecraft:trial_spawner
-1396,-13,889,minecraft:vault
-1399,-19,862,minecraft:trial_spawner
-1399,-27,896,minecraft:vault
-1397,-21,900,minecraft:hopper
-1394,19,896,minecraft:mob_spawner
-1399,-29,900,minecraft:vault
-1399,-26,908,minecraft:trial_spawner
-1404,-20,920,minecraft:vault
-1401,-26,921,minecraft:hopper
-1245,60,850,minecraft:hopper
-1245,61,850,minecraft:sign
-1245,61,849,minecraft:sign
-1245,62,849,minecraft:sign
-1245,60,849,minecraft:hopper
-1246,60,850,minecraft:hopper
-1244,62,850,minecraft:sign
-1244,60,850,minecraft:hopper
-1245,60,851,minecraft:hopper
-1246,62,850,minecraft:sign
-1401,-14,836,minecraft:hopper
-1406,-25,847,minecraft:vault
-1395,-13,833,minecraft:vault
-1397,81,818,minecraft:hopper
-1399,-9,827,minecraft:trial_spawner
-1397,81,817,minecraft:hopper
-1399,-7,811,minecraft:trial_spawner
-1404,-6,806,minecraft:vault
-1399,-8,815,minecraft:vault
-1406,26,805,minecraft:mob_spawner
-1394,-6,806,minecraft:vault
-1411,-28,887,minecraft:vault
-1421,-29,885,minecraft:hopper
-1418,-14,887,minecraft:trial_spawner
-1412,-19,882,minecraft:trial_spawner
-1413,-12,890,minecraft:vault
-1418,-24,882,minecraft:trial_spawner
-1420,-13,882,minecraft:vault
-1412,-21,906,minecraft:hopper
-1409,-21,918,minecraft:trial_spawner
-1411,-28,877,minecraft:vault
-1418,-14,877,minecraft:trial_spawner
-1424,-18,850,minecraft:vault
-1414,-6,849,minecraft:vault
-1424,-6,849,minecraft:vault
-1419,3,848,minecraft:trial_spawner
-1422,-7,839,minecraft:hopper
-1419,-19,847,minecraft:trial_spawner
-1424,8,842,minecraft:trial_spawner
-1419,9,840,minecraft:vault
-1419,-2,842,minecraft:trial_spawner
-1414,8,842,minecraft:trial_spawner
-1419,-14,847,minecraft:trial_spawner
-1423,-27,811,minecraft:mob_spawner
-1425,-43,888,minecraft:mob_spawner
-1427,10,847,minecraft:vault
-1455,-8,842,minecraft:vault
-1451,-14,847,minecraft:vault
-1241,-45,983,minecraft:mob_spawner
-1227,-1,734,minecraft:mob_spawner
-1336,-43,710,minecraft:mob_spawner
-1459,24,736,minecraft:mob_spawner
-1163,-23,712,minecraft:mob_spawner
-1435,17,700,minecraft:mob_spawner
-1489,-27,720,minecraft:mob_spawner
-1434,60,1039,minecraft:mob_spawner
-1419,-35,1034,minecraft:sculk_sensor
-1421,-39,1031,minecraft:sculk_sensor
-1402,-43,664,minecraft:mob_spawner
-1238,-39,1046,minecraft:mob_spawner
-1465,-35,1055,minecraft:mob_spawner
-1519,-35,1032,minecraft:sculk_sensor
-1513,7,943,minecraft:mob_spawner
-1415,-40,1043,minecraft:sculk_sensor
-1161,-50,653,minecraft:mob_spawner
-1432,53,647,minecraft:mob_spawner
-1510,-35,623,minecraft:mob_spawner
-1566,-49,1006,minecraft:sculk_sensor
-1536,-37,1029,minecraft:sculk_shrieker
-1521,-36,1035,minecraft:sculk_sensor
-1462,-39,1059,minecraft:sculk_sensor
-1462,-37,1068,minecraft:sculk_catalyst
-1463,-2,1070,minecraft:mob_spawner
-1462,-40,1061,minecraft:sculk_catalyst
-1461,-38,1067,minecraft:sculk_sensor
-1462,-39,1060,minecraft:sculk_sensor
-1446,-33,1069,minecraft:sculk_sensor
-1445,-33,1071,minecraft:sculk_sensor
-1444,-33,1070,minecraft:sculk_sensor
-1390,-38,1068,minecraft:sculk_catalyst
-1255,-38,1071,minecraft:mob_spawner
-1529,-35,1060,minecraft:sculk_catalyst
-1524,-29,1066,minecraft:sculk_sensor
-1533,-39,1056,minecraft:sculk_sensor
-1531,-38,1060,minecraft:sculk_sensor
-1530,-36,1061,minecraft:sculk_catalyst
-1511,-27,1086,minecraft:sculk_catalyst
-1515,-32,1081,minecraft:sculk_shrieker
-1516,-36,1078,minecraft:sculk_sensor
-1453,-34,1075,minecraft:sculk_shrieker
-1450,-54,1072,minecraft:sculk_sensor
-1444,-47,1085,minecraft:sculk_sensor
-1453,-34,1074,minecraft:sculk_sensor
-1447,-44,1087,minecraft:sculk_sensor
-1380,-46,1084,minecraft:sculk_catalyst
-1431,-39,1074,minecraft:sculk_catalyst
-1437,-29,1086,minecraft:sculk_sensor
-1435,-29,1087,minecraft:sculk_catalyst
-1529,-32,1081,minecraft:sculk_sensor
-1533,-30,1079,minecraft:sculk_catalyst
-1544,-49,1044,minecraft:sculk_sensor
-1551,-48,1049,minecraft:sculk_sensor
-1110,-48,672,minecraft:mob_spawner
-1113,-42,1032,minecraft:mob_spawner
-1312,76,851,minecraft:brewing_stand
-1554,-42,1018,minecraft:sculk_sensor
-1561,-50,1008,minecraft:sculk_catalyst
-1565,-49,1010,minecraft:sculk_sensor
-1567,-46,1038,minecraft:sculk_sensor
-1564,-46,1038,minecraft:sculk_sensor
-1568,-46,1037,minecraft:sculk_catalyst
-1564,-47,1039,minecraft:sculk_sensor
-1564,-48,1045,minecraft:sculk_sensor
-1563,-39,1055,minecraft:sculk_sensor
-1563,-48,1044,minecraft:sculk_catalyst
-1555,-49,1051,minecraft:sculk_sensor
-1565,-39,1042,minecraft:sculk_catalyst
