x,y,z,visibility,load_status,entity_count
-84,4,54,TICKING,LOADED,8
-90,7,66,TRACKED,LOADED,1
-92,4,55,TICKING,LOADED,1
-89,5,45,TICKING,LOADED,7
-83,4,60,TICKING,LOADED,2
-3,-1,1,TRACKED,LOADED,1
-93,5,47,TICKING,LOADED,2
-78,3,53,TICKING,LOADED,1
-77,-1,57,TICKING,LOADED,1
-87,2,48,TICKING,LOADED,1
-87,4,48,TICKING,LOADED,3
-87,4,58,TICKING,LOADED,4
-72,4,44,TICKING,LOADED,1
-86,4,55,TICKING,LOADED,2
-82,3,51,TICKING,LOADED,1
-2,0,3,TRACKED,LOADED,1
-2,6,3,TRACKED,LOADED,1
-90,4,55,TICKING,LOADED,2
-78,3,49,TICKING,LOADED,2
-90,3,50,TICKING,LOADED,1
0,1,3,TRACKED,LOADED,1
-84,0,52,TICKING,LOADED,1
-84,4,52,TICKING,LOADED,332
-84,-2,52,TICKING,LOADED,2
-84,-1,52,TICKING,LOADED,1
-89,7,64,TICKING,LOADED,1
-80,-1,49,TICKING,LOADED,1
-84,4,59,TICKING,LOADED,2
-84,4,57,TICKING,LOADED,1
-89,4,48,TICKING,LOADED,1
-83,-3,51,TICKING,LOADED,1
-91,5,47,TICKING,LOADED,7
3,6,-3,TRACKED,LOADED,1
-89,2,56,TICKING,LOADED,1
-86,5,52,TICKING,LOADED,2
-88,4,56,TICKING,LOADED,2
-92,5,46,TICKING,LOADED,4
-88,1,48,TICKING,LOADED,1
-88,5,48,TICKING,LOADED,1
-90,5,46,TICKING,LOADED,5
-94,6,61,TRACKED,LOADED,2
-80,0,52,TICKING,LOADED,1
-80,1,52,TICKING,LOADED,2
-79,-3,65,TRACKED,LOADED,1
-78,-3,66,TRACKED,LOADED,1
-89,1,51,TICKING,LOADED,1
-93,4,51,TICKING,LOADED,2
-83,4,52,TICKING,LOADED,88
-83,3,54,TICKING,LOADED,1
-83,4,54,TICKING,LOADED,183
-3,6,0,TRACKED,LOADED,1
-3,7,0,TRACKED,LOADED,1
-87,1,50,TICKING,LOADED,1
-87,4,50,TICKING,LOADED,3
-77,3,49,TICKING,LOADED,1
2,3,0,TRACKED,LOADED,2
2,5,0,TRACKED,LOADED,3
-88,4,58,TICKING,LOADED,2
-88,4,53,TICKING,LOADED,1
-88,5,53,TICKING,LOADED,2
-81,3,49,TICKING,LOADED,2
-92,5,49,TICKING,LOADED,1
-72,4,66,TRACKED,LOADED,1
-2,7,-1,TRACKED,LOADED,1
-80,3,55,TICKING,LOADED,5
-85,4,55,TICKING,LOADED,21
-89,7,66,TRACKED,LOADED,1
-84,4,58,TICKING,LOADED,4
-84,4,63,TICKING,LOADED,1
-89,5,46,TICKING,LOADED,2
-83,3,57,TICKING,LOADED,4
-83,4,57,TICKING,LOADED,3
-89,1,50,TICKING,LOADED,1
-89,4,50,TICKING,LOADED,1
-91,5,44,TICKING,LOADED,4
-91,5,48,TICKING,LOADED,2
-78,3,50,TICKING,LOADED,1
-82,4,53,TICKING,LOADED,2
-87,4,55,TICKING,LOADED,1
3,2,2,TRACKED,LOADED,1
-3,7,-3,TRACKED,LOADED,1
-87,1,47,TICKING,LOADED,1
-87,4,47,TICKING,LOADED,1
-78,3,52,TICKING,LOADED,3
-2,2,-2,TRACKED,LOADED,1
-88,4,49,TICKING,LOADED,2
-84,2,53,TICKING,LOADED,1
-84,4,53,TICKING,LOADED,14
2,1,1,TRACKED,LOADED,1
-85,4,60,TICKING,LOADED,1
-1,7,2,TRACKED,LOADED,1
-81,3,57,TICKING,LOADED,2
-89,5,49,TICKING,LOADED,2
-70,4,66,TRACKED,LOADED,1
-1,0,-3,TRACKED,LOADED,1
-1,2,-3,TRACKED,LOADED,4
1,1,2,TRACKED,LOADED,1
-71,4,66,TRACKED,LOADED,1
-87,4,56,TICKING,LOADED,2
-3,-1,-1,TRACKED,LOADED,1
3,0,0,TRACKED,LOADED,1
3,5,0,TRACKED,LOADED,1
-86,4,54,TICKING,LOADED,1
-86,-1,54,TICKING,LOADED,1
-88,1,47,TICKING,LOADED,1
-79,0,48,TICKING,LOADED,1
-75,2,54,TICKING,LOADED,1
-88,5,52,TICKING,LOADED,5
-84,4,50,TICKING,LOADED,1
-85,5,51,TICKING,LOADED,1
-90,7,63,TICKING,LOADED,1
-83,4,59,TICKING,LOADED,1
-84,-2,45,TICKING,LOADED,2
-89,5,44,TICKING,LOADED,1
3,0,1,TRACKED,LOADED,1
-71,4,42,TRACKED,LOADED,1
-80,3,51,TICKING,LOADED,3
-78,4,42,TRACKED,LOADED,1
-86,4,57,TICKING,LOADED,1
-80,3,56,TICKING,LOADED,4
-86,4,59,TICKING,LOADED,1
-82,4,54,TICKING,LOADED,1
-88,4,55,TICKING,LOADED,3
-84,4,55,TICKING,LOADED,7
-85,0,54,TICKING,LOADED,4
-85,4,54,TICKING,LOADED,5
-85,-1,54,TICKING,LOADED,1
-91,4,55,TICKING,LOADED,1
-81,3,51,TICKING,LOADED,6
-78,3,54,TICKING,LOADED,1
-89,5,43,TRACKED,LOADED,2
-87,3,54,TICKING,LOADED,1
-93,4,43,TRACKED,LOADED,1
2,1,-2,TRACKED,LOADED,2
-82,3,57,TICKING,LOADED,1
-2,7,1,TRACKED,LOADED,2
-91,4,50,TICKING,LOADED,1
-90,4,56,TICKING,LOADED,1
-86,4,49,TICKING,LOADED,4
-73,4,65,TRACKED,LOADED,1
-2,2,-3,TRACKED,LOADED,1
-86,2,48,TICKING,LOADED,3
-88,1,51,TICKING,LOADED,1
-88,5,51,TICKING,LOADED,4
-80,3,59,TICKING,LOADED,1
-92,1,45,TICKING,LOADED,2
-90,5,45,TICKING,LOADED,3
-78,-3,62,TICKING,LOADED,1
-85,4,59,TICKING,LOADED,2
-92,7,64,TICKING,LOADED,2
-90,5,42,TRACKED,LOADED,1
-89,4,54,TICKING,LOADED,2
-83,4,53,TICKING,LOADED,25
-94,7,62,TRACKED,LOADED,2
-82,0,60,TICKING,LOADED,1
-82,-1,60,TICKING,LOADED,1
-78,-1,57,TICKING,LOADED,1
-95,7,63,TRACKED,LOADED,1
-92,5,47,TICKING,LOADED,1
-86,4,58,TICKING,LOADED,2
-86,-1,53,TICKING,LOADED,3
2,1,-3,TRACKED,LOADED,1
-2,-1,2,TRACKED,LOADED,6
